delta,t_hh1,t_th2,t_hh3,t_tt1,nk,bandwidth_low,gap_low_mid,flatness_ratio,chern_low,quantum_weight_low,trace_violation,trace_violation_abs,chern_error,is_gapped
5.417475728155339,0.35145631067961164,0.013592233009708738,0.08349514563106795,-0.08932038834951456,21,0.09032805414327116,1.3477900545435415,0.06701938023564266,-1.000000000000006,1.0123624305737695,2.0123624305737753,2.0123624305737753,2.000000000000006,True
7.345727305182277,0.10679171661831714,0.0003247070494578827,0.2673494146225219,0.17082505303423465,21,0.4482698723908568,0.38912045883724106,1.15200797647691,2.000103331068361,2.329272185141317,0.32916885407295604,0.32916885407295604,1.000103331068361,True
7.271819934659561,0.19431890602877475,0.17762233250050882,0.3147995789720154,0.020864235806237925,21,0.7914049466447296,0.44948354242838734,1.7606983836806838,1.9999870079371238,2.4296227315317407,0.4296357235946169,0.4296357235946169,0.9999870079371238,True
3.7421322903885597,0.05,0.10588733718123199,0.3326318438371668,0.37379323812387033,21,0.4891918386544044,0.32961893018034405,1.4841133013408951,2.001559914640025,2.65144487317409,0.6498849585340651,0.6498849585340651,1.001559914640025,True
4.324335337596012,0.05,0.24564902684665196,0.30775692732875526,0.2768289652685444,21,0.668502831066949,0.2834373912954872,2.3585555455879357,1.9976950113401835,2.7840782823963286,0.7863832710561451,0.7863832710561451,0.9976950113401835,True
6.450049145926354,0.3126091126890576,-0.07468682445467686,0.35,0.10365899425688027,21,1.2504364507562302,0.340685178539917,3.6703576484168083,2.002902359856885,2.42572033826325,0.42281797840636504,0.42281797840636504,1.002902359856885,True
7.685161656126831,0.13833094936543033,0.07999347133251342,0.22320659798869869,0.13988814226077656,21,0.5533237974617214,0.10877222396222985,5.086995349601917,1.913442910730908,2.602581831567857,0.6891389208369489,0.6891389208369489,0.9134429107309081,True
7.980557472138149,0.3607710666089302,-0.2512272064183714,0.3195569438954295,0.30268168398734996,21,1.4430842664357209,0.2957197360783677,4.879905161464414,2.013839625163953,2.566278993782934,0.5524393686189808,0.5524393686189808,1.013839625163953,True
5.507045529183584,0.30330309246958426,-0.03498187099920798,0.35,0.18077456012366322,21,1.2132123698783368,0.23878779587762033,5.080713465356968,2.0153207991576916,2.6045585959442175,0.5892377967865259,0.5892377967865259,1.0153207991576916,True
5.9383154809690915,0.27208397303034015,0.0947950062229363,0.30757202890600366,0.4567633909823877,21,1.0975273634979406,0.2049952475647701,5.353916134817549,1.9649389586064092,2.661101291558063,0.6961623329516538,0.6961623329516538,0.9649389586064092,True
2.485639484138191,0.0793397740568543,-0.28730925983228006,-0.2827255444804763,0.21952207942289537,21,2.1440455804007406,0.5173504666137939,4.14428075117846,1.9998168064063957,3.213453077575792,1.2136362711693962,1.2136362711693962,0.9998168064063957,True
2.0625308542270613,0.1439085870229955,0.15515720057110172,-0.23139540717784346,0.47452914714878547,21,1.5498683124590351,0.5221835682011076,2.9680526290749487,0.0017648905636383088,1.7539141331236037,1.7521492425599654,1.7521492425599654,0.9982351094363617,True
6.831913932207559,0.2875012221930894,0.35,0.35,-0.002903732314122277,21,1.417492130555438,0.36166417735093176,3.9193600564426654,1.9997994437581685,3.401515259157781,1.4017158153996123,1.4017158153996123,0.9997994437581685,True
4.750839621697315,0.08761651499270501,0.2979683497978247,0.28659841199984915,0.3403530292092517,21,0.9488309380949143,0.20969580751175987,4.5247968920013015,1.9967557883684877,3.245636372035547,1.2488805836670593,1.2488805836670593,0.9967557883684877,True
7.787159659695128,0.18796148497670417,0.33065328570599384,0.2568155773285606,0.31370259776848236,21,1.0762207087520368,0.2503408054622606,4.299022313860371,1.9997100900081914,3.3784049070637594,1.378694817055568,1.378694817055568,0.9997100900081914,True
7.028431219970707,0.2720100265770717,0.12258360273192946,0.31975233026107697,-0.5,21,1.0880401063082865,0.15509090031987405,7.015499323714095,1.8490143489762925,2.6647908414598023,0.8157764924835098,0.8157764924835098,0.8490143489762925,True
5.630977607453227,0.05,-0.2096360397649208,-0.24119078870203073,0.5,21,1.3821579133812616,0.3477855095629718,3.9741676273921964,1.996547979477578,3.618643003404208,1.62209502392663,1.62209502392663,0.996547979477578,True
3.634011349195102,0.11245697374003598,-0.3429200381471561,-0.3426498192792088,0.021853088281250377,21,2.2184854062258172,0.4140629372724245,5.357845888935983,2.008977333421663,3.541574738626456,1.5325974052047933,1.5325974052047933,1.008977333421663,True
5.216890586258355,0.2893729877403677,0.032086282791146004,0.3178924362342166,0.4574720244062961,21,1.1575866108811133,0.12874037249845016,8.991636333000736,1.8330573719316334,2.716443717320498,0.8833863453888646,0.8833863453888646,0.8330573719316334,True
8.0,0.34308693947283575,0.10351765861206225,0.31093542111133077,-0.3502178105574841,21,1.372347757891343,0.14625165454004996,9.383468256870458,1.8309362171837236,2.768552722115088,0.9376165049313643,0.9376165049313643,0.8309362171837236,True
6.743266931318124,0.32811245739756795,0.007932595249782182,0.3084345227514206,0.16893236072122841,21,1.312449829590272,0.1339843961705396,9.795542369872267,1.8293165194953227,2.616510159448495,0.7871936399531725,0.7871936399531725,0.8293165194953227,True
4.231939189760805,0.0552480962945071,0.29257828286275933,0.2786591627678019,0.308787120317229,21,0.8719060619179675,0.11177978100765495,7.80021265078572,1.8361230300630669,3.4901822702719247,1.6540592402088579,1.6540592402088579,0.8361230300630669,True
5.268995814433735,0.20904951053380827,0.3139136801604975,0.310162675174265,0.2990028051808534,21,1.225430658809119,0.1921516632979089,6.37741374587651,2.0153270055099237,3.772483812140502,1.7571568066305785,1.7571568066305785,1.0153270055099237,True
2.5161355057471013,0.12750086588061654,-0.2954992143189389,-0.2503021877178472,0.204589463146982,21,2.350665097146514,0.3138381238000552,7.490055920179129,1.9868822948532048,3.529886734132238,1.5430044392790332,1.5430044392790332,0.9868822948532048,True
7.3744805942057265,0.12345844673450448,0.12265381926024821,0.21366431075607073,0.057966494120250456,21,0.5179884988323816,0.03204744662863479,16.163175332962485,1.0985329820612397,2.4598148908622677,1.361281908801028,1.361281908801028,0.09853298206123973,True
5.511966205543299,0.08306324394143626,-0.22909506219134929,-0.17115675760343377,0.47555373191269235,21,1.4107888033744063,0.18361918011888426,7.683232233479045,1.9691779436656978,3.881397520857256,1.9122195771915584,1.9122195771915584,0.9691779436656978,True
6.530995102990476,0.14560546881832095,-0.26059162012850234,0.2846286203088303,-0.0766381908257795,21,1.2093351588625878,0.21487199286961367,5.628165600886029,2.165742870572904,4.507715304485711,2.3419724339128067,2.3419724339128067,1.1657428705729038,True
4.953984929479359,0.06060675352636994,0.0723316168049655,-0.21786887830466697,0.38130700516162847,21,1.454069571655996,0.1086010662661624,13.389091117138053,1.0658182478366456,4.279989756201337,3.214171508364691,3.214171508364691,0.06581824783664558,True
6.1248453849024385,0.4036246749811753,-0.08463090651528536,0.35,0.15150416194244962,21,1.6144986999247015,0.13918853322893865,11.599365712613398,1.8968141418717122,2.7547531236471223,0.8579389817754102,0.8579389817754102,0.8968141418717122,True
4.745543295628876,0.09487149770032552,0.05693031948422671,-0.2613336282157299,0.26030053206090487,21,1.6806469662810137,0.12027554348514521,13.97330594052634,1.0481678626674047,4.140390693211122,3.092222830543718,3.092222830543718,0.04816786266740469,True
3.1710691754344946,0.07052044621899682,-0.14047051261506893,-0.3281464372537036,-0.47370678746597294,21,2.3183630301899933,0.3125948324404107,7.416511053911737,2.090734985689551,4.158210802132851,2.0674758164433,2.0674758164433,1.0907349856895512,True
3.947192381890771,0.6535682532833434,-0.19337854770742083,0.04363765617258264,0.09728101842664805,21,0.25819004947725266,2.040978235330682,0.12650308808188754,-1.0000000000000064,1.0050789234855124,2.005078923485519,2.005078923485519,2.000000000000006,True
3.117352952018502,0.5563131567678383,-0.03103020239682308,0.0765793996148505,-0.30301384418346566,21,0.29586704148840504,2.1801051409944967,0.13571228099275964,-0.9999999999999992,1.0043628467467636,2.004362846746763,2.004362846746763,1.9999999999999991,True
3.4675816086531084,0.05367881614477788,0.08263404083809306,0.2904806619497109,0.4184270999998563,21,0.6229217770972214,0.05633026283351261,11.058385772818124,1.7735415294465224,3.6180075653617005,1.844466035915178,1.844466035915178,0.7735415294465224,True
4.091310831787402,0.7662034877686889,-0.34922265583589174,-0.05459048373727804,0.2430094928228156,21,0.3976244370721371,2.300725561461718,0.1728256701853283,-0.9999999999937911,1.040462318368914,2.040462318362705,2.040462318362705,1.9999999999937912,True
2.74171686924903,0.8070451365708778,-0.24879899319357732,0.08265312402665509,-0.04199518842935923,21,0.5453174109159389,2.603810746312918,0.2094305093748178,-1.0000000000047196,1.037693091288006,2.0376930912927254,2.0376930912927254,2.00000000000472,True
4.707885537682451,0.2868863213843891,0.026525094618968237,0.10522662889321543,0.29560351074507873,21,0.24931034186627166,1.1730120543196645,0.21253860175449707,-0.9999999999537026,1.0598095572907351,2.0598095572444377,2.0598095572444377,1.9999999999537026,True
2.114982479506366,0.6584870787185086,0.021653128333234906,0.07171906724991456,0.11854422431206968,21,0.48579916195991,1.9490994674166675,0.24924287861193006,-0.9999999999643354,1.044464681502578,2.0444646814669136,2.0444646814669136,1.9999999999643354,True
2.6111102870852902,0.8224005326159296,-0.21482388969614538,-0.14110392766288535,0.3654781977992835,21,0.5496261564790728,2.2350716515510523,0.2459098598014313,-0.9999999998506748,1.0570457926915506,2.057045792542225,2.057045792542225,1.9999999998506748,True
3.2323120650241854,0.928512032372061,-0.17477520165031468,-0.0014925455051800762,0.23232865329138874,21,0.7107704584447134,2.0702880021559293,0.3433196046658922,-1.0000000000080618,1.0173158332933563,2.017315833301418,2.017315833301418,2.000000000008062,True
4.332917263578567,0.4169238252271166,0.08485529719275192,0.1816476583694927,-0.3831655748586823,21,0.33304190277782464,1.3346533981306417,0.24953437592433647,-0.9999999976719874,1.0783551612763098,2.0783551589482974,2.0783551589482974,1.9999999976719876,True
3.3997601370100226,0.5335058371126087,0.15934588183054987,0.03181569221951669,-0.4851179136929188,21,0.4863423114147669,1.7306606860825273,0.2810154037274846,-1.000000006495999,1.0671490438128717,2.0671490503088705,2.0671490503088705,2.0000000064959993,True
5.1664538513702585,0.05056160184164012,-0.0731821932207292,-0.19264322737948542,0.37909336919777836,21,1.3956178537164923,0.19106186355363874,7.304533870647013,2.1633364015005365,4.3246453266687555,2.161308925168219,2.161308925168219,1.1633364015005365,True
2.3142169877863257,0.9481399238930639,0.004899382217114334,-0.14465822127666295,-0.18780918759590293,21,0.7659028101946315,2.2356088327057866,0.3425924960529205,-1.0000001034491173,1.0761535714169799,2.076153674866097,2.076153674866097,2.0000001034491173,True
7.185101519463961,0.548119247285905,-0.04690466615566624,-0.07824047725294081,-0.20199018116169143,21,0.464958355625416,1.2585468149267633,0.3694406517984574,-1.0000003506167217,1.0727415809449554,2.0727419315616773,2.0727419315616773,2.0000003506167214,True
7.276034338042331,0.08372361655057435,-0.04989728681608118,0.21369314962959565,0.20449951062607896,21,0.5458219719104899,0.12872112013987896,4.2403451066721205,2.190423088420908,3.3678155899970963,1.1773925015761884,1.1773925015761884,1.190423088420908,True
7.1136626601128805,0.07177214333533119,-0.0689098608865493,0.23858088951880585,0.24392233749523992,21,0.5505886709761774,0.271289059216339,2.029527739034663,2.0097789346373975,2.751290688175691,0.7415117535382936,0.7415117535382936,1.0097789346373975,True
7.306708469144181,0.15018688533762622,0.17729518531739893,0.33544696539153573,-0.021343421342022106,21,0.7216118170936091,0.6205708258717058,1.162819434961308,2.000015306823151,2.4074533292074283,0.40743802238427707,0.40743802238427707,1.0000153068231512,True
7.355622740913976,0.20831614773837287,0.15431024735610052,0.3042351494057001,-0.007703702670841035,21,0.8332645909534914,0.36681240091042994,2.2716369154514,1.9998776911772203,2.429253341005321,0.4293756498281007,0.4293756498281007,0.9998776911772203,True
3.477789969005624,0.05,0.07777712569356705,0.330629683071481,0.34959816292627643,21,0.47444609778785307,0.2430352138510673,1.9521701825423334,2.024793567235582,2.8541221041163367,0.8293285368807548,0.8293285368807548,1.024793567235582,True
3.7278405264976104,0.05,0.07061008897391324,0.35,0.3269313765583171,21,0.3717784929079847,0.39555510264412597,0.93989052453829,2.0010046340480603,2.6400327716760765,0.6390281376280162,0.6390281376280162,1.0010046340480603,True
4.272018134899643,0.06092044875246251,0.1953702212439437,0.2728795411490219,0.25860836050230845,21,0.6581565639729086,0.05797116022836046,11.353172187347862,1.3193572976839458,2.6938192472266707,1.3744619495427248,1.3744619495427248,0.31935729768394583,True
4.4937375097463175,0.1067369726217097,0.23250380116227679,0.27174463106030333,0.292243525596915,21,0.8472367662462172,0.027836129088159134,30.436587054290275,0.8921298364703214,2.8864187005764093,1.9942888641060879,1.9942888641060879,0.1078701635296786,True
6.3205150222472035,0.35020837341784566,-0.06053747399163126,0.32064752366861765,0.1119383561433642,21,1.4008334936713827,0.09112587130674732,15.37251137995604,1.7072935729130798,2.7823593709662156,1.0750657980531357,1.0750657980531357,0.7072935729130798,True
6.568404695286631,0.2951917535864023,-0.0569201737235228,0.35,0.1005703793587429,21,1.1807670143456095,0.3885149297091157,3.0391805412205377,2.000635315769805,2.368082650578022,0.367447334808217,0.367447334808217,1.000635315769805,True
7.573375819773963,0.09106698016882755,0.0889622341169663,0.2710117405794852,0.12461107568271587,21,0.368484851800294,0.4550073977588142,0.8098436500489972,2.0000001790414115,2.2520527009349673,0.25205252189355587,0.25205252189355587,1.0000001790414115,True
7.684783807499374,0.11523988565857135,0.14503519090661524,0.19705680632944667,0.16803275704415305,21,0.5391987522141294,0.009296613515628493,57.999480273938985,0.667016409847047,2.368960981943067,1.7019445720960198,1.7019445720960198,0.332983590152953,True
8.0,0.30949078968290294,-0.26123904072258985,0.3150949219832312,0.2559287528583387,21,1.2555485067724628,0.36110508079689474,3.476961620151371,2.0057221667986003,2.573108725236185,0.5673865584375846,0.5673865584375846,1.0057221667986003,True
8.0,0.41336117209083423,-0.28549684560367294,0.35,0.30839181644686875,21,1.6534446883633374,0.37247306362647714,4.439098688815367,2.004157258892827,2.4893273667898814,0.4851701078970545,0.4851701078970545,1.004157258892827,True
5.303826422671812,0.3335687061684922,-0.014912196416123624,0.35,0.1980163758480376,21,1.3342748246739686,0.15514177453291456,8.600358147836523,1.9292476062550783,2.7296616698883915,0.8004140636333132,0.8004140636333132,0.9292476062550783,True
5.598524778463549,0.33931411168743925,4.789197788541283e-05,0.33528066072564405,0.2011640468365801,21,1.3572564467497572,0.11257682240707012,12.05626893466588,1.7305531291497804,2.677389640884073,0.9468365117342927,0.9468365117342927,0.7305531291497804,True
6.125450540020329,0.27169148683029654,0.08296753384399622,0.346043808345953,0.4001947368630021,21,1.086765947321186,0.43112653974198856,2.520758633814496,1.9999958602402104,2.4180880411826498,0.4180921809424394,0.4180921809424394,0.9999958602402104,True
5.9730334924866035,0.24800403766782125,0.09910217891264025,0.28179011361099954,0.44573269399541443,21,1.0207690178405946,0.10701500434347816,9.538559794515427,1.708347689782331,2.686126721306179,0.9777790315238479,0.9777790315238479,0.7083476897823311,True
2.3486579762450788,0.11891509001981702,-0.3134747962435954,-0.288254803487444,0.23273120671304698,21,2.3143377008935757,0.45326742309405943,5.105899041002375,2.0021300784239706,3.30776480607161,1.3056347276476394,1.3056347276476394,1.0021300784239706,True
2.392412060129649,0.0731548813218136,-0.28780262656283034,-0.29769314739281616,0.225404000198145,21,2.1209054971048706,0.5756679650462091,3.6842513842760467,1.9988590454358328,3.162364098398348,1.163505052962515,1.163505052962515,0.9988590454358328,True
2.118009653006406,0.13509761520780647,0.17134561137092968,-0.23954134990308326,0.45429192238243643,21,1.735721827703363,0.294410677202382,5.895580432737511,0.005761900358919865,1.7967173944998254,1.7909554941409056,1.7909554941409056,0.9942380996410801,True
2.1936356589719757,0.1781609470769147,0.11245474792479111,-0.2304459567470668,0.5,21,1.51398959091966,0.6495093120175679,2.3309744185449177,0.001844512665419748,1.7681874999701779,1.766342987304758,1.766342987304758,0.9981554873345803,True
6.84055402131265,0.3044781310953727,0.35,0.325470555731023,-0.07056438300080184,21,1.3843754598972977,0.22449496756533704,6.16662134973867,2.0131608126635157,4.180572823720975,2.167412011057459,2.167412011057459,1.0131608126635157,True
6.882859050943499,0.34404008782413503,0.35,0.35,-0.06466541841006765,21,1.5589744225168483,0.28430005866452734,5.483552939946559,2.0019337594873554,3.909961989687924,1.9080282302005687,1.9080282302005687,1.0019337594873554,True
4.777621970886508,0.08114521901661971,0.2840591419230867,0.27697320214445864,0.36856174234491557,21,0.8959604369859263,0.18389459818042364,4.872141138734683,1.9833575315523535,3.2062570395064447,1.2228995079540912,1.2228995079540912,0.9833575315523535,True
4.76287105390226,0.0843965514927239,0.2980272182153081,0.2799427246229776,0.3350065129163199,21,0.9315478168234479,0.17948860660089205,5.190010856203383,1.9882813598185787,3.334019122628982,1.3457377628104035,1.3457377628104035,0.9882813598185787,True
7.6679721765011095,0.16235568031997072,0.32690605056316,0.2446793304562613,0.37646582478857715,21,1.0200208042620078,0.23035513841934258,4.42803582008726,2.000449060500319,3.346197366974081,1.3457483064737619,1.3457483064737619,1.0004490605003191,True
7.456392625772996,0.1947452725513413,0.3400316303219366,0.3045021478768316,0.2907778007652033,21,1.1881255560209398,0.3846242123303144,3.0890555454698734,1.9998060514112732,3.0843400184877336,1.0845339670764604,1.0845339670764604,0.9998060514112732,True
6.862365943999084,0.2663915381667497,0.18567973911208804,0.35,-0.4963802129236182,21,1.0655661526669986,0.30668531335964466,3.474460974325912,1.997985841389344,2.6597950948664586,0.6618092534771145,0.6618092534771145,0.9979858413893441,True
6.774721382056547,0.25835061588881064,0.15332887868643705,0.28878619414617746,-0.44353931691168463,21,1.0203036535619827,0.01309880999325952,77.89285088393663,0.28931634371917175,2.493711958014662,2.2043956142954904,2.2043956142954904,0.7106836562808283,True
5.541623962873742,0.08246146798902938,-0.2381164024237677,-0.2653210700717982,0.5,21,1.5119532720767748,0.33383822568814714,4.528999844041696,1.9737718084618843,3.7052548417491686,1.7314830332872844,1.7314830332872844,0.9737718084618843,True
5.5566911889613735,0.05,-0.30186070679608135,-0.24817816157372313,0.49218123742458153,21,1.3924715037528956,0.41296925016568387,3.3718527546402886,2.0028342919899504,3.3882130467283083,1.3853787547383578,1.3853787547383578,1.0028342919899504,True
4.001321659184492,0.10650178451880388,-0.34451112547981294,-0.3243999107703506,0.05134885238401028,21,2.1148297333489317,0.3909526707935286,5.409426489033563,2.009132722445775,3.5618476521815157,1.5527149297357408,1.5527149297357408,1.009132722445775,True
3.7963451392061094,0.14854935584088866,-0.33809545662098217,-0.31689181208334183,0.033274402847013634,21,2.259311751367911,0.29512232076629713,7.655509571426234,1.923015285908743,3.75177451645734,1.8287592305485971,1.8287592305485971,0.923015285908743,True
5.270961905865593,0.35593844262036867,0.020469405350874437,0.29925667731828454,0.440189067341132,21,1.3288752698489152,0.09487850063255943,14.006073673058083,-0.5236552043178737,2.195524666301436,2.7191798706193095,2.7191798706193095,1.5236552043178737,True
5.111514822651147,0.2869175325202062,0.045786587813207616,0.27940342391342077,0.4851154406116179,21,1.0896236955796104,0.08775089406937286,12.417237535132019,-0.5291485866257621,2.2266543454043197,2.7558029320300816,2.7558029320300816,1.5291485866257621,True
8.0,0.38003247358070924,0.04287324876287498,0.3105743608656957,-0.3200002976886403,21,1.5201298943228365,0.0816721787106156,18.612579195530298,1.4145560142982003,2.5840956713604997,1.1695396570622993,1.1695396570622993,0.4145560142982003,True
8.0,0.33487010617401636,0.08052418855793983,0.323903186245057,-0.376245388254315,21,1.3394804246960654,0.2286990082903198,5.856957731078897,1.9714213363646942,2.5931187271886458,0.6216973908239516,0.6216973908239516,0.9714213363646942,True
6.5829358780907175,0.3311075979069175,0.01665538207849556,0.3195585116091181,0.20667115998741528,21,1.3244303916276698,0.18036931119970262,7.342881019051391,1.9345620404077761,2.5964747516831257,0.6619127112753496,0.6619127112753496,0.9345620404077761,True
6.786594014805166,0.3010289210021494,-0.0032347592314970076,0.3481741105598585,0.22209694298322016,21,1.2041156840085976,0.4270021757424288,2.819928685175904,2.000049876092266,2.3296238005851295,0.3295739244928635,0.3295739244928635,1.000049876092266,True
4.326467142877977,0.05,0.3042128394086942,0.31473991853092304,0.3041678189787413,21,0.927171932157842,0.33287461193227297,2.7853488939147013,2.0002281109978557,3.021082381981071,1.0208542709832154,1.0208542709832154,1.0002281109978557,True
4.045429533073787,0.06056669122034545,0.25033813673393257,0.28441832023211666,0.2662920441772294,21,0.783587762309146,0.07478018790225693,10.478547651329137,1.4721955784529652,3.043985608947,1.5717900304940349,1.5717900304940349,0.4721955784529652,True
5.199785089595456,0.19320214512910977,0.2938873760356158,0.25664525912404795,0.28655993641727134,21,1.0568600046687535,0.08902633964068607,11.871318184419168,-0.797060162405096,3.680769105141839,4.477829267546935,4.477829267546935,1.7970601624050961,True
5.209934616664035,0.24412867503181457,0.33587850594879387,0.3056734886773519,0.29929597051010676,21,1.372681816932959,0.09343262949740483,14.69167489256081,2.129748918329806,5.792427595110851,3.662678676781045,3.662678676781045,1.1297489183298062,True
2.514089465462668,0.11895489409158883,-0.3095730156246835,-0.24772921286450852,0.213092028243722,21,2.3641443655573404,0.3467130242750439,6.8187353806527,1.995161424845199,3.435822532163045,1.4406611073178461,1.4406611073178461,0.995161424845199,True
2.4366384723016568,0.14924576397244121,-0.3073108624021006,-0.26135607853421655,0.21142839234303143,21,2.4253779589274203,0.2950459876679925,8.220338727861755,1.9962424203721854,3.6262969103711273,1.630054489998942,1.630054489998942,0.9962424203721854,True
7.34408662834535,0.1509263396554617,0.09617940052535162,0.21358342606159345,0.02534235160751957,21,0.5733416665321664,0.03101349329660774,18.486845743200384,-0.08304072908689769,2.28017373434164,2.3632144634285375,2.3632144634285375,1.0830407290868977,True
7.4757453655138795,0.07625602519640001,0.1172755873343058,0.19808722230720455,0.04429979816443057,21,0.36405565338466217,0.0411366261569821,8.849915206837426,1.3929434706898092,2.6199351079829674,1.2269916372931582,1.2269916372931582,0.39294347068980917,True
5.384910515675048,0.05,-0.21059084309992723,-0.17451434353028722,0.4652228697144068,21,1.32288239252672,0.26328839341698546,5.0244614863504165,2.0091318028442817,3.6483525967296297,1.639220793885348,1.639220793885348,1.0091318028442817,True
5.413305516329833,0.12018416970619708,-0.24040667601555635,-0.16693764108556852,0.4509838121065868,21,1.555045616165582,0.09098857933674712,17.09055826017885,1.7471337266128346,4.134448695708499,2.387314969095664,2.387314969095664,0.7471337266128346,True
6.5338070050493915,0.16725230368309674,-0.23041052161162287,0.3128925791664791,-0.016560589953666507,21,1.0509918928724702,0.3312832629347112,3.172487144572704,2.0192400873654273,3.182714576596192,1.1634744892307647,1.1634744892307647,1.0192400873654273,True
6.5777179986385015,0.1669952002587259,-0.26918981050189406,0.28761983077110637,-0.11541281262114897,21,1.2274923542682497,0.20242796200812935,6.063847810802712,2.220538086028893,4.753773305553065,2.5332352195241725,2.5332352195241725,1.2205380860288928,True
5.094498663728304,0.07945482004369173,0.09565074793311652,-0.2533177774286707,0.4125158156459086,21,1.525937098324742,0.10068787973273854,15.1551219707389,0.8253846896639715,4.312860010518508,3.487475320854537,3.487475320854537,0.1746153103360285,True
5.165833486102596,0.0616747620906974,0.11002508599477315,-0.2494187561159229,0.3401520200253538,21,1.502368422549214,0.13973887247382652,10.751256224932055,1.4722513769829537,4.683788002070237,3.2115366250872834,3.2115366250872834,0.4722513769829537,True
6.05404267944481,0.4337843462001107,-0.14608597896334524,0.35,0.1540145420224406,21,1.735137384800443,0.07376965014570736,23.521019570694147,1.6206093877356575,3.0313865723570887,1.4107771846214312,1.4107771846214312,0.6206093877356575,True
6.197536042129737,0.3813887321811048,-0.04300355661873933,0.3335899686387232,0.1114031439660875,21,1.525554928724419,0.08797305258100308,17.341161684934505,1.5711161655459671,2.6566730725204204,1.0855569069744533,1.0855569069744533,0.5711161655459671,True
4.661616127164379,0.11934722001528868,0.062313110763996295,-0.28535238395920604,0.2251650298393144,21,1.7925589954447045,0.10804958817649854,16.59015111206687,0.8248209552926383,4.164451047110771,3.3396300918181328,3.3396300918181328,0.17517904470736168,True
4.637537927260903,0.11704357744106067,0.07429483689646613,-0.3095108021270564,0.23833184569014862,21,1.8215110316904566,0.14005747632297672,13.005453757356001,1.1726299956417416,4.339864849740784,3.1672348540990423,3.1672348540990423,0.17262999564174164,True
3.139263204748243,0.1116434433334783,-0.1344359112664136,-0.2724948359725936,-0.4892859910881568,21,2.439467618054948,0.21204569995143474,11.50444276216714,2.0062649770387466,4.4632693111554635,2.457004334116717,2.457004334116717,1.0062649770387466,True
3.142332410504934,0.05,-0.1625430875292736,-0.33264868638212836,-0.4952202686666569,21,2.362930445791977,0.3865337590608758,6.113128259567713,2.013905776297708,3.8919778592429912,1.878072082945283,1.878072082945283,1.0139057762977082,True
5.433874469877589,0.3282383643355682,0.009771557422643377,0.043096610163998274,-0.13893472812807328,21,0.3021917144281332,1.3796160732938803,0.2190404419590736,-0.999999999999993,1.003354164241349,2.003354164241342,2.003354164241342,1.999999999999993,True
5.54063724056645,0.3044197633639811,0.013867359889051354,0.11287612881908682,-0.1089464834669358,21,0.1427077855086607,1.159285012590966,0.12309982787555689,-0.9999999998862017,1.0301607850111263,2.030160784897328,2.030160784897328,1.9999999998862017,True
4.106414963417778,0.6330388883041688,-0.2161615544996588,0.012575915637863505,0.1370594041568812,21,0.24564398612688,2.032310770942962,0.12086930288368486,-0.9999999999999869,1.009553512316103,2.00955351231609,2.00955351231609,1.999999999999987,True
4.061936566916658,0.6274817824862686,-0.15879703601903986,0.045944521774865334,0.0593340226723835,21,0.2085460989557315,1.9518318863223598,0.10684634287263024,-0.9999999999999991,1.0019842942678763,2.001984294267875,2.001984294267875,1.9999999999999991,True
3.161079274876216,0.5245043299235504,-0.059746937005625264,0.10735977499483072,-0.25169637004301315,21,0.38040159266794227,2.1441884258040673,0.1774105242291345,-0.9999999999999966,1.0099875517512382,2.0099875517512347,2.0099875517512347,1.9999999999999964,True
3.340536231741701,0.6140666930200921,0.0060461603048298646,0.024190682896627833,-0.22432604016861354,21,0.2186616093036553,1.9327886672691994,0.11313270457685276,-1.0000000000148725,1.0160060695562692,2.0160060695711417,2.0160060695711417,2.0000000000148725,True
3.452658422753863,0.07321460719706616,0.09646472713464073,0.30235104531768886,0.4623551081907539,21,0.7174635352181161,0.10190538469533938,7.04048699058519,1.9728116408557685,3.2594705121990173,1.2866588713432487,1.2866588713432487,0.9728116408557685,True
3.3708358673681103,0.05,0.054177807819280485,0.31646078151305457,0.42932199303602253,21,0.5332006650127891,0.18168191741699613,2.934803158142522,2.1098073714390235,3.227333758899723,1.1175263874606993,1.1175263874606993,1.1098073714390235,True
4.1047227555817996,0.7813650101328522,-0.3288051554685848,-0.06394030546052959,0.1764800313822686,21,0.34931913894566624,2.293815949861163,0.1522873441379677,-1.0000000000044675,1.0382934562242274,2.038293456228695,2.038293456228695,2.0000000000044675,True
4.144479863394442,0.7518127307002052,-0.32342303815994444,-0.0738737683865619,0.2717506380947325,21,0.30278721083756643,2.201242064201424,0.1375528915069197,-1.0000000000103986,1.0348650789834304,2.034865078993829,2.034865078993829,2.000000000010399,True
2.8876749792448577,0.8233425382563976,-0.27486118686220945,0.08906268011336994,-0.09372188856945315,21,0.6451421272465341,2.6053596964649905,0.2476211358154796,-1.0000000000392961,1.058405747726173,2.058405747765469,2.058405747765469,2.000000000039296,True
2.822301816260979,0.7938587614971047,-0.2492153564240848,0.09179287486953501,-0.06898818873876576,21,0.5779922804644935,2.57885668005864,0.2241273371001566,-1.000000000010921,1.0439600766917587,2.04396007670268,2.04396007670268,2.000000000010921,True
4.5346061792914325,0.2668231291438499,0.016832086353678076,0.11304677567941948,0.30859209460866277,21,0.2612860233335783,1.1169790320898167,0.23392204851394935,-0.999999999703501,1.0703604053632776,2.0703604050667783,2.0703604050667783,1.999999999703501,True
4.826700395056334,0.2803781551210184,0.0830662220854221,0.13013491976959551,0.3000631693244034,21,0.39059530414340715,1.0031818081567767,0.3893564466256401,-0.9999999970834598,1.1133398348507921,2.113339831934252,2.113339831934252,1.9999999970834597,True
2.4081185984189117,0.6645021846803606,0.01561064717613674,0.1147043714367447,0.1835773973415881,21,0.6304410583045696,1.8235885438350574,0.3457145310743917,-1.0000000000130547,1.051493144107335,2.0514931441203896,2.0514931441203896,2.0000000000130544,True
2.0,0.6632672085140824,0.044424928987625095,0.1161790535620596,0.09818747722987824,21,0.5814768829731758,1.940495919133209,0.29965375203309524,-1.000000000001183,1.0507897556712287,2.0507897556724117,2.0507897556724117,2.000000000001183,True
2.5343131032453607,0.8734073333807388,-0.16858818642589657,-0.1345505628273211,0.34405414037553045,21,0.49136989653895746,2.1499952669611075,0.22854464104634056,-0.9999999995521299,1.0641299641646478,2.064129963716778,2.064129963716778,1.9999999995521298,True
2.84207435020097,0.8473143557661734,-0.21400825449439592,-0.13445440746825216,0.3701043917926223,21,0.4157487339620003,2.1674382389588738,0.19181572350670748,-0.9999999995741502,1.052280525363402,2.052280524937552,2.052280524937552,1.9999999995741502,True
3.3577053836210404,0.9678536594402346,-0.17925947361370456,-0.034054675151814234,0.2216379836357125,21,0.7431559406809392,2.0582410121843218,0.36106361513623714,-1.0000000001758766,1.0278055129034314,2.027805513079308,2.027805513079308,2.0000000001758766,True
3.3377341970111,0.9516983500484277,-0.1761987583253501,0.007091368131179424,0.27408641985635596,21,0.8603460999821095,2.0160230545567117,0.4267540978946219,-1.000000000029488,1.0202477199164284,2.0202477199459166,2.0202477199459166,2.000000000029488,True
4.17205984048095,0.36431862216955097,0.11813867534180836,0.1568515113384484,-0.34477254983511424,21,0.1540051126216171,1.3932944500218316,0.11053306974645882,-0.9999999999147247,1.0675872145772793,2.067587214492004,2.067587214492004,1.9999999999147247,True
4.68026853333021,0.4125505986112914,0.09601023825856715,0.13724430030657656,-0.36716347431480545,21,0.20033723615210275,1.4597170672420292,0.13724388146712388,-0.9999999999933957,1.0560064684066466,2.0560064684000423,2.0560064684000423,1.9999999999933957,True
3.514279084379159,0.5303993233790631,0.16117708948568304,-0.011770013795450368,-0.47084582765971805,21,0.6752095888310841,1.676205347227893,0.4028203286355965,-1.0000000823858182,1.0772075804743406,2.077207662860159,2.077207662860159,2.000000082385818,True
3.420791546596541,0.5347099803097002,0.12883304313372845,0.03871675774265257,-0.47408208319278916,21,0.4292176989864884,1.798750336864537,0.238619940849975,-1.0000000006041183,1.0484476097952984,2.0484476103994167,2.0484476103994167,2.0000000006041185,True
5.488624080890938,0.060268632145995434,-0.056465986410020666,-0.21296365422315863,0.3738955993734893,21,1.4187554371748916,0.18032040434593555,7.867969475340579,2.2923879290449594,4.675042232295898,2.382654303250939,2.382654303250939,1.2923879290449594,True
5.032162089074239,0.05,-0.06212983983177831,-0.20346965981853007,0.4338887081052197,21,1.3992315410817022,0.20174054312439915,6.93579743273961,2.129026316077215,4.2803801517645015,2.1513538356872863,2.1513538356872863,1.1290263160772152,True
2.270865924544441,0.9375649953416095,0.00977831195203428,-0.14974758528301796,-0.16899638058135655,21,0.7895811651933338,2.2168785198662118,0.3561679894128727,-1.0000001390595497,1.079332410716501,2.0793325497760504,2.0793325497760504,2.0000001390595497,True
2.4341437638168553,0.9526054601951214,0.002290258478522093,-0.15676613878404103,-0.18616651066693027,21,0.8037758087945579,2.1987895712518406,0.36555376617369656,-1.0000001767121038,1.0822624433347618,2.0822626200468655,2.0822626200468655,2.0000001767121036,True
7.265062262936589,0.5544216192588781,-0.06392935641046558,-0.043921656630823536,-0.2090702393638496,21,0.34421105398004115,1.285721810372313,0.26771814182755926,-1.000000041694864,1.0502698721857031,2.050269913880567,2.050269913880567,2.000000041694864,True
7.001175089971289,0.535271844229236,-0.06554155468525037,-0.09658527456792475,-0.19448426109960426,21,0.46240748343146465,1.3205095694286708,0.35017351947818826,-1.0000001382741477,1.0716868010171048,2.0716869392912525,2.0716869392912525,2.0000001382741477,True
5.641103888963622,0.30501916023471165,0.02513657931165375,0.025702832071150927,-0.17818547652473482,21,0.4287658533744283,1.32904966483527,0.3226108585096193,-0.9999999999999938,1.005926214756809,2.005926214756803,2.005926214756803,1.9999999999999938,True
7.270429417485412,0.6616082766012682,0.19628890740407823,-0.09952127113844084,0.15117176769348917,21,1.3978913865599436,0.6908722664141914,2.0233716918691314,-1.0055908530493531,1.3750825335008146,2.3806733865501677,2.3806733865501677,2.005590853049353,True
6.19405651466632,0.0663009550311189,0.26648861918651845,-0.20993992905416115,-0.4927460264599124,21,1.5935200396632625,0.08981220527815556,17.74280048828557,-0.9068295997175972,3.267214005555994,4.174043605273591,4.174043605273591,1.9068295997175972,True
6.984795651807946,0.8900759263913173,-0.26009009322615495,0.1754046883955268,-0.3973294422835877,21,1.780754456221725,1.775592772382077,1.0029070200779897,-0.9999999984973384,1.0989215654922382,2.0989215639895766,2.0989215639895766,1.9999999984973384,True
6.517559463595651,0.9103208412319256,0.06622667209798572,0.19188611216594587,0.039987606743583815,21,2.282391192977255,1.02422966721636,2.2283978545361927,-0.9999966842018112,1.2606673977061622,2.2606640819079735,2.2606640819079735,1.999996684201811,True
4.264565958427423,1.135557826475344,-0.022767175428415,-0.022795508638192796,-0.2500129273572428,21,1.5596702305729808,1.778616722938473,0.8769006894280358,-1.0000014320382282,1.110247493507555,2.1102489255457835,2.1102489255457835,2.0000014320382284,True
3.0953425640223076,0.561558515503594,0.2836016195654374,-0.22404430308984258,-0.10922641263804533,21,1.6716305125173885,1.1723431797675894,1.4258883758327319,-1.001006200448477,1.3607627771185058,2.3617689775669826,2.3617689775669826,2.0010062004484768,True
6.421195059324609,0.8323850612048832,-0.1364407386575454,0.25911548686229513,-0.4447781496441858,21,2.0375355714358747,1.2920046733836574,1.5770342115711788,-0.9999996093369291,1.1834078126648642,2.1834074220017934,2.1834074220017934,1.9999996093369292,True
4.576930068523188,0.4261558578369583,0.06972359311350984,-0.30531749395572794,-0.48838930312915885,21,2.264323167082502,0.725030183287382,3.12307434818198,-1.000003008814092,1.2088887069107406,2.2088917157248327,2.2088917157248327,2.000003008814092,True
2.229079253349413,0.3251103385757983,-0.3322761111682734,0.26565890735270625,0.07187810810513129,21,1.7257818605048367,1.0839219990410756,1.592164253545552,-1.0000771595881293,1.8344060762310173,2.8344832358191465,2.8344832358191465,2.0000771595881295,True
5.265598428929496,0.6575939257962106,-0.05686721799464162,-0.041546820107643156,0.07055351908605956,21,0.4756840282832653,1.4509774513209976,0.3278369542202006,-1.0000000721498388,1.0538927743301296,2.053892846479968,2.053892846479968,2.000000072149839,True
3.6139965183406906,0.12067200199658065,0.18603034522448625,-0.09324782057113429,0.23663765567478456,21,1.6846779662830653,0.16454508855267813,10.238397153639294,-1.0000138930066407,1.2793501968165024,2.279364089823143,2.279364089823143,2.0000138930066407,True
7.626450555388787,0.17913823021013842,-0.08134720600308198,-0.08228608745145821,0.12063774249291548,21,1.008186189173889,0.5811128565520812,1.7349232215507386,-1.000000000041764,1.1350734438939871,2.135073443935751,2.135073443935751,2.000000000041764,True
2.2720879598444776,0.3864588410569064,-0.1821680656953966,0.18266583281711435,-0.3996254784262283,21,1.6017481730616674,1.8286210016888906,0.8759322853572794,-0.9999999814464952,1.2279555933512782,2.2279555747977735,2.2279555747977735,1.999999981446495,True
5.8961336967434015,0.6735400888851412,0.04746684489602426,-0.297950503343192,-0.3740711624562152,21,1.4731582429602192,1.3364057443154016,1.102328577399876,-1.0002090232440928,1.237205101018874,2.237414124262967,2.237414124262967,2.0002090232440928,True
5.143815810686782,0.6339571165014644,0.09807604861266256,0.16973039469209472,-0.20094758674668733,21,1.1493669587423523,1.261695574838325,0.9109701117003866,-1.000000005854246,1.1393842893123087,2.139384295166555,2.139384295166555,2.000000005854246,True
3.7649379464170467,0.4564927215190034,-0.2542935042763085,-0.3071183991621663,0.21232970145374752,21,2.114517368007608,0.8962459341410225,2.35930483749887,-1.0000000023669593,1.2627365623087667,2.262736564675726,2.262736564675726,2.000000002366959,True
2.588623188170186,1.061138616154828,-0.30163425332983185,0.061327220658904835,-0.036543766151830304,21,0.9168716219678821,2.847232383979335,0.32202205451402194,-0.9999999999991368,1.050374086655682,2.050374086654819,2.050374086654819,1.9999999999991367,True
5.033435821795683,0.64958341587034,0.33069264906337714,0.0001398764253758289,0.12508307579679367,21,1.8265363260212546,0.6639240118441314,2.7511225583599894,-1.0043221336162755,1.4943707795420729,2.498692913158348,2.498692913158348,2.0043221336162755,True
7.387306443102654,0.6071122072098409,-0.16858802347758697,-0.335963285415696,-0.18174927513288275,21,1.6452171764809937,1.477319724195937,1.1136500444251758,-1.0000044616292931,1.2316638302289233,2.2316682918582167,2.2316682918582167,2.000004461629293,True
6.531566482604608,0.6493921940310372,0.11871882386249283,-0.16826298204848106,0.05246689510810543,21,1.1722082972364047,0.9187873487979094,1.275821112219337,-1.0013382681766758,1.2838845602028244,2.2852228283795,2.2852228283795,2.001338268176676,True
5.981916608714085,0.7512336935058824,0.18895312396732866,-0.24227038140712498,-0.4085367934036769,21,1.4950002891539913,1.0241674983488545,1.459722449271438,-1.0034325540650444,1.334550139434128,2.337982693499172,2.337982693499172,2.0034325540650446,True
4.900976856420412,0.6241939686874676,0.15757797097997506,0.1966661453441223,-0.14236012840898227,21,1.3244713509850756,1.1381089911096938,1.1637473751030403,-1.0000000385119545,1.2249980027390897,2.224998041251044,2.224998041251044,2.0000000385119545,True
2.3834895845024393,0.7396516851561048,-0.2232988645538253,0.0035819920988638954,-0.29205238310563475,21,0.933300144621342,2.7952873065714123,0.3338834410428067,-0.9999999999950303,1.062793374243764,2.0627933742387943,2.0627933742387943,1.9999999999950302,True
6.367373825253633,0.8375087629224166,-0.21335177152254226,0.0325486691152595,0.1068716724968608,21,1.011262572826877,1.5989097232861513,0.6324700876472779,-1.0000000000011853,1.0313926240839983,2.031392624085184,2.031392624085184,2.0000000000011853,True
6.138603497321055,0.8218201918318012,0.09737024288910495,-0.3010699106490864,-0.48386176105979883,21,1.4990656508860485,1.2376498171773775,1.211219546983705,-1.0012575903223833,1.2861220858173084,2.2873796761396914,2.2873796761396914,2.0012575903223833,True
4.570702516181749,0.32688885911510396,-0.29933398815429174,-0.18490585819472175,0.030938337175679287,21,1.784485343300441,0.8518980055222931,2.0947171277932326,-0.9999999961113838,1.277047930945195,2.2770479270565787,2.2770479270565787,1.999999996111384,True
2.3495715298329634,0.73122765851465,-0.010774845385856602,-0.21038386716823462,-0.2295985213308358,21,1.4361542233272284,2.313580257180416,0.6207496882245548,-0.9999999986944921,1.0768340078585634,2.0768340065530557,2.0768340065530557,1.999999998694492,True
5.12338416835388,0.6586748058922355,-0.3401195436755724,-0.19988662787344344,-0.4301814649041935,21,1.160972274843194,2.402418310515171,0.4832515094318595,-0.9999999989224527,1.1376436733773576,2.1376436722998102,2.1376436722998102,1.9999999989224526,True
2.7340311356105165,0.1221022507178929,0.2801062630730834,-0.3321876937865428,0.1141240174828766,21,2.109363144574514,0.09067329271410318,23.263334565619306,-0.8731187835479595,1.729660769227537,2.6027795527754964,2.6027795527754964,1.8731187835479595,True
4.820064292953031,0.21554765783770735,-0.14024916251762903,0.011199980566614753,0.04099518118398682,21,1.0684156690782833,1.3604858304259326,0.7853192184616802,-1.0000000000000078,1.1111151577030427,2.1111151577030505,2.1111151577030505,2.000000000000008,True
5.988970481486956,1.0812747450895044,0.24570949063371494,0.05864269093621444,0.22716481810097844,21,2.750218288160014,0.6951971825990378,3.956026228239522,-1.0112733680363826,1.5167814914469462,2.528054859483329,2.528054859483329,2.011273368036383,True
3.3632558563227306,1.1683187387850933,-0.06099880599297097,-0.17352392960568971,-0.4246341120374342,21,0.8057221281914413,2.305370363439545,0.34949791190571544,-1.0000001222798067,1.1022285051516976,2.1022286274315043,2.1022286274315043,2.0000001222798067,True
7.4281400438789795,1.1302782907409976,0.16591122200416597,0.22378609333909327,-0.14803758046055426,21,3.2582207529163454,0.8039723993239274,4.052652498588549,-1.0001722830526265,1.4767786857513079,2.4769509688039344,2.4769509688039344,2.0001722830526267,True
6.439761429447399,0.6408669890160912,0.06181008552949435,-0.24867381727519944,-0.19774654377943945,21,1.2062225165821967,1.134725932425908,1.0630077996044716,-1.0004631776576858,1.2496828167283736,2.2501459943860596,2.2501459943860596,2.0004631776576858,True
2.680178404368733,0.895962721660184,0.25317941640520636,-0.24923922463618942,0.2760223365412199,21,2.090659876524316,1.0913324987533997,1.9156946933335364,-1.0061759498782215,1.5252120261044544,2.5313879759826756,2.5313879759826756,2.0061759498782212,True
6.245079619794575,0.3495366263403832,-0.1666036992420481,-0.08645244045712114,0.08647677855389413,21,0.8166574257200025,1.5253846235733828,0.5353780371844131,-0.99999999999973,1.0687913663140916,2.0687913663138215,2.0687913663138215,1.99999999999973,True
6.130549380592166,0.13287675295854254,-0.31866729169199987,0.3193418980856788,0.3231929268309641,21,1.2300887637877993,0.29641695577345056,4.149859648136822,2.0087432976462396,3.6803455055073315,1.671602207861092,1.671602207861092,1.0087432976462396,True
5.9623540580579775,1.0170405401353875,-0.08506351296027109,0.23672028508883747,-0.3271537907090206,21,2.2766621189504392,1.6081617660892713,1.4156922313150295,-0.9999999996682806,1.152551759639944,2.1525517593082246,2.1525517593082246,1.9999999996682805,True
2.029541640361222,0.5905485991414563,-0.10730362184469872,0.314839015757178,0.15760231591741714,21,1.0670540826227652,1.2951403139430604,0.8238907175811047,-1.000000124949858,1.1631083307656067,2.1631084557154647,2.1631084557154647,2.000000124949858,True
7.337048595579583,0.5676163509129905,0.08085923202995782,-0.23988204597836932,-0.4917808335765367,21,1.2371323421752989,1.0932340972205359,1.1316261954512883,-1.0003840579068937,1.245616533183912,2.2460005910908056,2.2460005910908056,2.000384057906894,True
2.882194480170657,0.3796455918550053,0.13496982325568696,-0.3131212279583546,-0.01817573167669606,21,2.5493452516496857,0.39914618337990415,6.3869964384032185,-1.0000232082894485,1.3026597593603657,2.3026829676498144,2.3026829676498144,2.0000232082894485,True
4.204482060554017,0.4036778012643639,-0.34945279113725286,-0.1364905105179426,-0.2643152723331603,21,1.885715692616451,1.6031237444785282,1.17627581720452,-1.0000000087346992,1.2520241739877085,2.2520241827224075,2.2520241827224075,2.000000008734699,True
7.0796662101446834,0.7608794822146389,-0.013879054289429649,-0.20821014689024614,-0.3308012389275632,21,1.0435419264257313,1.2593035420782255,0.8286659185469905,-1.0001276288941618,1.1923209255962794,2.1924485544904413,2.1924485544904413,2.0001276288941616,True
2.947380332314716,0.7150362971488917,0.2814056310226697,0.06825369535904391,0.29548452998786356,21,1.993808299372947,0.9678657759203143,2.060004960374898,-1.000161251697762,1.4349223710470396,2.4350836227448016,2.4350836227448016,2.000161251697762,True
6.029254833166545,0.4109098646735358,0.30240317797658633,-0.19910781917119397,-0.16686742346977268,21,1.406822353846798,0.7028442833318966,2.00161314135989,-1.0071087951048918,1.435482792960989,2.4425915880658806,2.4425915880658806,2.007108795104892,True
6.5371521360563065,0.9189693838618547,0.14745337026272887,-0.33408920532619835,0.13296275753483044,21,1.916881146719446,0.8411196101257623,2.2789638044853553,-1.0294589261292315,1.510306637451147,2.5397655635803784,2.5397655635803784,2.0294589261292315,True
6.472581871631653,0.1779559030686364,0.207417369527372,-0.24394037453851503,0.369887439166669,21,1.668465524231572,0.023640250071836857,70.5773212703554,0.16220392644262846,3.235280483958347,3.073076557515719,3.073076557515719,0.8377960735573715,True
5.273888129322911,0.7245463324692889,-0.04398347244289075,0.25626763564570954,0.233275183806114,21,1.8208609250551155,1.0773244048220398,1.6901695690778475,-0.9999985524132254,1.2064954743285807,2.2064940267418063,2.2064940267418063,1.9999985524132255,True
7.6114500775147835,0.8882029353986152,0.004760469167933379,0.15369306424992601,0.2523899181258388,21,2.169670592019935,0.956017406925689,2.2694885849380593,-0.9999962674880054,1.227175094195322,2.227171361683327,2.227171361683327,1.9999962674880054,True
4.345854386610991,0.4170701347683988,0.058422712042043856,0.3260984361092316,0.06269257907020942,21,1.3074168105137516,0.3608637285598434,3.6230208442712404,-0.9838186577793028,1.729267528009738,2.7130861857890407,2.7130861857890407,1.9838186577793029,True
7.852344834874319,0.9781777132627841,0.06426556834127367,0.12548010430227718,0.23412370847733377,21,2.47206505689556,0.838908395799624,2.946763996251649,-1.0001196551729656,1.3073434400907569,2.3074630952637225,2.3074630952637225,2.0001196551729654,True
4.137881973011776,0.42543954875209966,0.3347485908951705,-0.10971107978778288,-0.39127276790266907,21,1.287352776927211,1.0038187832986956,1.2824553578254247,-1.0005029485854862,1.3163591092525857,2.3168620578380716,2.3168620578380716,2.000502948585486,True
4.124116555717908,0.08766246025125005,-0.1386942170506084,0.14867683452279873,-0.4151030428090706,21,1.6030288230827874,0.8283432679308549,1.9352228540313297,-1.0000055738299471,1.5341509258001504,2.5341564996300976,2.5341564996300976,2.000005573829947,True
7.994137093347926,0.28942320727354975,-0.023046282431281873,0.15840592066496006,0.2686837966104235,21,0.6610340099557809,0.49665881913841814,1.3309619893642755,-0.9999539885234591,1.2430139586326125,2.2429679471560715,2.2429679471560715,1.9999539885234592,True
3.9632695875415322,0.6097696714827685,-0.22956811259665105,-0.26881594193429204,-0.044165025559601556,21,1.6206430991315965,2.0457223772908586,0.7922106719474845,-1.00000000092778,1.1316124844467839,2.131612485374564,2.131612485374564,2.00000000092778,True
6.711260427624595,0.9203599799906507,0.06292999806188576,0.06267951385274323,0.2087960504843236,21,1.9959114682432866,0.9532070132868947,2.093890876191613,-1.0001101602963312,1.238376404665551,2.238486564961882,2.238486564961882,2.000110160296331,True
3.009918928909258,0.4162370485174328,0.030750707579617065,-0.29332216668507066,0.2735657352795954,21,2.2275621944544435,0.7374892909941728,3.020467173769503,-1.000019982216108,1.3578173773952746,2.3578373596113824,2.3578373596113824,2.000019982216108,True
7.638131497061544,0.5606835180354947,0.14527784539184407,-0.1280138964964978,-0.23021656944184876,21,1.0034786231858364,0.8438771359128907,1.189128820394324,-1.0008916425545282,1.256722713525876,2.2576143560804045,2.2576143560804045,2.000891642554528,True
7.638325764434687,0.4622733986412417,-0.2830710391357285,0.32065235875258324,-0.029304694642333873,21,1.8490935945649667,0.008190069918801501,225.77262622875813,0.7465699645423696,3.650922803737849,2.9043528391954796,2.9043528391954796,0.25343003545763043,True
2.5743868550351254,0.1713567096030804,-0.2955155062336339,0.24371720883601466,-0.28130020710116876,21,2.24090995266752,0.8440684177579889,2.6548913636880473,-1.0001573019261538,2.1616147148731413,3.1617720167992953,3.1617720167992953,2.000157301926154,True
3.1531450557559646,0.8701232041108847,0.11329134164325738,-0.08461409678650489,0.3737746305503381,21,1.5806173793050702,1.2751021742299997,1.2396005678992454,-1.0001499452699196,1.279734544765854,2.2798844900357738,2.2798844900357738,2.0001499452699196,True
3.4601292875931677,1.0462513300119827,0.017946911755343353,0.1175372810994667,0.17568849744313575,21,1.9276770432929278,1.56368879004142,1.2327753806061794,-0.9999998614963812,1.121393702848617,2.121393564344998,2.121393564344998,1.9999998614963812,True
3.1303476460291715,0.6027526477910512,-0.014935820900487617,-0.3243164259419457,-0.02112558798868658,21,2.0742482641506355,1.670617331094633,1.2416058576331976,-1.00000108820403,1.1897722710133123,2.1897733592173423,2.1897733592173423,2.00000108820403,True
3.636581960499429,0.4438113078748858,0.23866414542500836,-0.241733277160129,0.0991114351887693,21,1.8370501443508442,1.047277234063908,1.75412019339164,-1.0009592157627172,1.3995185211170253,2.4004777368797425,2.4004777368797425,2.000959215762717,True
7.122255286149029,0.14324951445658657,-0.11028155040201051,-0.33717423910941785,-0.21040792661396723,21,1.872888567725552,0.16495166852774254,11.35416564404475,1.2707801412952555,4.255147407390833,2.9843672660955773,2.9843672660955773,0.2707801412952555,True
3.2766799763407874,0.4782804167081691,0.02712572503706212,-0.05959961132747332,0.26103316902059237,21,0.781005440310512,1.525220883500985,0.5120605472682722,-1.0000000363214467,1.1137026054262202,2.113702641747667,2.113702641747667,2.0000000363214467,True
7.070942452379359,1.101202900083176,0.18988483721758898,0.28273909848787293,-0.01787306622506868,21,3.392316397734382,0.7595095979787652,4.466456259094209,-0.9999275543792614,1.602544311161885,2.6024718655411463,2.6024718655411463,1.9999275543792614,True
3.373123653016976,0.2415733796934359,-0.11798508835836932,-0.28823980635972724,-0.0011154817467587952,21,2.4055235743953776,0.04455399967203201,53.991192532718955,4.149384053086856,8.521860691310428,4.372476638223572,4.372476638223572,3.149384053086856,True
5.999169299883406,0.7457426185868623,-0.33964085045988496,0.07065874225900548,-0.23466005651292077,21,0.8305651441536501,2.0532968573941197,0.4045031974615385,-0.999999998091621,1.0698400423483658,2.0698400404399866,2.0698400404399866,1.999999998091621,True
